﻿<?xml version="1.0" encoding="utf-8" ?>
<Defs>

  <ScenarioDef>
    <defName>Shinralanded</defName>
    <label>Shin-Ra Colonization Stage 0</label>
    <description>After discovering that Gaia, the Shin-Ra Company home planet was about to become unhabitable soon, the company started a program to colonize other worlds, this led them to the Rimworlds, worlds full of life and full of lifestream to use, you are on the early stage of this colonization effort, but be carefull the Rimworlds are not safe and you must contact the company to receive support using the research tables(researching shin-ra techs).</description>
    <scenario>
      <summary>Five Gaia Colonists land on a Rimworld - Shin-Ra Scenario.</summary>
      <playerFaction>
        <def>PlayerFaction</def>
        <factionDef>SRPlayerColony</factionDef>
      </playerFaction>
      <parts>

        <!-- Config pages -->
        <li Class="ScenPart_ConfigPage_ConfigureStartingPawns">
          <def>ConfigPage_ConfigureStartingPawns</def>
          <pawnCount>5</pawnCount>
          <pawnChoiceCount>8</pawnChoiceCount>
        </li>

        <!-- Player starting stuff spawn method-->
        <li Class="ScenPart_PlayerPawnsArriveMethod">
          <def>PlayerPawnsArriveMethod</def>
          <method>DropPods</method>
          <visible>false</visible>
        </li>

        <!-- Player pawns modifiers -->
        <li Class="ScenPart_ForcedHediff">
          <def>ForcedHediff</def>
          <visible>false</visible>
          <context>PlayerStarter</context>
          <chance>0.01</chance>
          <hediff>CryptosleepSickness</hediff>
          <hideOffMap>true</hideOffMap>
          <severityRange>
            <min>1</min>
            <max>1</max>
          </severityRange>
        </li>
        
        <!-- Player starting things -->
        <li Class="ScenPart_StartingThing_Defined">
          <def>StartingThing_Defined</def>
          <thingDef>Silver</thingDef>
          <count>1500</count>
        </li>
        <li Class="ScenPart_StartingThing_Defined">
          <def>StartingThing_Defined</def>
          <thingDef>MealSurvivalPack</thingDef>
          <count>50</count>
        </li>
        <li Class="ScenPart_StartingThing_Defined">
          <def>StartingThing_Defined</def>
          <thingDef>Steel</thingDef>
          <count>50</count>
        </li>
        <li Class="ScenPart_StartingThing_Defined">
          <def>StartingThing_Defined</def>
          <thingDef>MedicineIndustrial</thingDef>
          <count>30</count>
        </li>
        <li Class="ScenPart_StartingThing_Defined">
          <def>StartingThing_Defined</def>
          <thingDef>ComponentIndustrial</thingDef>
          <count>45</count>
        </li>
        <li Class="ScenPart_StartingThing_Defined">
          <def>StartingThing_Defined</def>
          <thingDef>Gun_BoltActionRifle</thingDef>
          <count>2</count>
        </li>
        <li Class="ScenPart_StartingThing_Defined">
          <def>StartingThing_Defined</def>
          <thingDef>Gun_SrPistol1mk</thingDef>
          <count>2</count>
        </li>
		<li Class="ScenPart_StartingThing_Defined">
			<def>StartingThing_Defined</def>
			<thingDef>MeleeWeapon_ShinrasoldierSword</thingDef>
			<stuff>Steel</stuff>
		</li>

        <!-- Scatter some things near player start -->
        <li Class="ScenPart_ScatterThingsNearPlayerStart">
          <def>ScatterThingsNearPlayerStart</def>
          <thingDef>Steel</thingDef>
          <count>450</count>
        </li>
        <li Class="ScenPart_ScatterThingsNearPlayerStart">
          <def>ScatterThingsNearPlayerStart</def>
          <thingDef>WoodLog</thingDef>
          <count>300</count>
        </li>      

        <!-- Scatter some things anywhere -->
        <li Class="ScenPart_ScatterThingsAnywhere">
          <def>ScatterThingsAnywhere</def>
          <thingDef>ShipChunk</thingDef>
          <count>3</count>
        </li>
        <li Class="ScenPart_ScatterThingsAnywhere">
          <def>ScatterThingsAnywhere</def>
          <thingDef>Steel</thingDef>
          <count>720</count>
        </li>
        <li Class="ScenPart_ScatterThingsAnywhere">
          <def>ScatterThingsAnywhere</def>
          <thingDef>MealSurvivalPack</thingDef>
          <count>7</count>
        </li>

		
        
        <!-- Game start dialog -->
				<li Class="ScenPart_GameStartDialog">
					<def>GameStartDialog</def>
					<text>After discovering that Gaia, the Shin-Ra Company home planet was about to become unhabitable soon, the company started a program to colonize other worlds, this led them to the Rimworlds, worlds full of life and full of lifestream to use, you are on the early stage of this colonization effort, but be carefull the Rimworlds are not safe and you must contact the company to receive support using the research tables(researching shin-ra techs).</text>
					<closeSound>GameStartSshinra</closeSound>
				</li>
        
      </parts>
    </scenario>
  </ScenarioDef>





</Defs>
