<?xml version="1.0" encoding="utf-8" ?>
<Defs>
    <!--========================= Shin-Ra Armor base ==========================-->
  <ThingDef Name="SRArmorHelmetMakeableBase" ParentName="SRArmorMakeableBase" Abstract="True">
    <thingCategories>
      <li>Headgear</li>
    </thingCategories>
  </ThingDef> 
 
  <ThingDef Name="SRHatMakeableBase" ParentName="SRApparelMakeableBase" Abstract="True">
    <thingCategories>
      <li>Headgear</li>
    </thingCategories>
  </ThingDef>    
  <ThingDef Name="SRApparelBase" Abstract="True">
    <thingClass>Apparel</thingClass>
    <category>Item</category>
    <selectable>True</selectable>
    <pathCost>10</pathCost>
    <useHitPoints>True</useHitPoints>
		<techLevel>Industrial</techLevel>
    <graphicData>
      <onGroundRandomRotateAngle>35</onGroundRandomRotateAngle>
    </graphicData>
    <drawGUIOverlay>true</drawGUIOverlay>
    <statBases>
      <MaxHitPoints>120</MaxHitPoints>
      <Flammability>1.0</Flammability>
      <DeteriorationRate>2</DeteriorationRate>
			<Beauty>2</Beauty>
			<SellPriceFactor>0.70</SellPriceFactor>
		</statBases>
    <altitudeLayer>Item</altitudeLayer>
    <alwaysHaulable>True</alwaysHaulable>
    <tickerType>Never</tickerType>
    <comps>
      <li Class="CompProperties_Forbiddable"/>
      <li>
        <compClass>CompQuality</compClass>
      </li>
    </comps>
  </ThingDef>
  <ThingDef Name="SRApparelMakeableBase" ParentName="SRApparelBase" Abstract="True">
    <recipeMaker>
      <workSpeedStat>TailoringSpeed</workSpeedStat>
      <workSkill>Crafting</workSkill>
      <effectWorking>Tailor</effectWorking>
      <soundWorking>Recipe_Tailor</soundWorking>
      <unfinishedThingDef>UnfinishedApparel</unfinishedThingDef>
    </recipeMaker>
  </ThingDef>
  <ThingDef Name="SRArmorMakeableBase" ParentName="SRApparelBase" Abstract="True">
    <recipeMaker>
      <workSpeedStat>SmithingSpeed</workSpeedStat>
      <workSkill>Crafting</workSkill>
      <effectWorking>Smith</effectWorking>
      <soundWorking>Recipe_Machining</soundWorking>
      <unfinishedThingDef>UnfinishedApparel</unfinishedThingDef>
    </recipeMaker>
  </ThingDef>
  
    <!--========================= Shin-Ra Armor helmet ==========================-->
	
  <ThingDef ParentName="SRArmorHelmetMakeableBase">
    <defName>shinra_armorHelmet</defName>
    <label>Shin-Ra Helmet</label>
    <description>A think steel helmet, with tinted visor and an incorporated night vision device, Manufactured by Shin-Ra S.A.</description>
    <techLevel>Industrial</techLevel>
    <recipeMaker>
      <unfinishedThingDef>UnfinishedMetallicTechArmor</unfinishedThingDef>
    </recipeMaker>
    <graphicData>
      <texPath>Things/Helmet/SRMPHelmet</texPath>
      <graphicClass>Graphic_Single</graphicClass>
    </graphicData>
    <statBases>
      <WorkToMake>12000</WorkToMake>
      <MaxHitPoints>140</MaxHitPoints>
      <Mass>1.2</Mass>
      <ArmorRating_Blunt>0.25</ArmorRating_Blunt>
      <ArmorRating_Sharp>0.45</ArmorRating_Sharp>
    </statBases>
		<costStuffCount>70</costStuffCount>
    <costList>
      <ComponentIndustrial>2</ComponentIndustrial>
				<Steel>35</Steel>
    </costList>
    <equippedStatOffsets>
	  <ShootingAccuracyPawn>0.10</ShootingAccuracyPawn>
      <MoveSpeed>-0.02</MoveSpeed>
    </equippedStatOffsets>
    <apparel>
      <bodyPartGroups>
        <li>UpperHead</li>
      </bodyPartGroups>
      <wornGraphicPath>Things/Helmet/SRMPHelmet</wornGraphicPath>
      <layers>
        <li>Overhead</li>
      </layers>
      <tags>
        <li>Military</li>
       <li>Shinra</li>
      </tags>
      <defaultOutfitTags>
        <li>Soldier</li>
      </defaultOutfitTags>
    </apparel>
    <tradeTags>
      <li>Shinraequipment</li>
    </tradeTags>
  </ThingDef>
  
    <!--========================= Shin-Ra Armor Uniform ==========================-->

		
  <ThingDef ParentName="SRApparelBase">
    <defName>Apparel_SRInfantry</defName>
   <label>Shin-Ra MP Uniform</label>
    <description>Standard uniform for Shin-Ra infantry. Thick cloth affords a fair level of comfort, also equipped with Shoulderpads and Kneepads for better protection, but lacks any good anti-bullet's protection.</description>
       <techLevel>Industrial</techLevel>
	<recipeMaker>
        <researchPrerequisite>ComplexClothing</researchPrerequisite>
    </recipeMaker>
    <graphicData>
      <texPath>Things/Uniforms/MP/SRMPuniform_Male_south</texPath>
      <graphicClass>Graphic_Single</graphicClass>
    </graphicData>
    <costStuffCount>55</costStuffCount>
    <costList>
	  <Steel>5</Steel>
      <Cloth>70</Cloth>
    </costList>
    <thingCategories>
      <li>Apparel</li>
    </thingCategories>
    <statBases>
      <WorkToMake>8000</WorkToMake>
      <MaxHitPoints>150</MaxHitPoints>
      <ArmorRating_Blunt>0.30</ArmorRating_Blunt>
      <ArmorRating_Sharp>0.20</ArmorRating_Sharp>
	  <Insulation_Cold>15</Insulation_Cold>
	  <Insulation_Heat>0</Insulation_Heat>
	  <Mass>1.15</Mass>
    </statBases>
		<generateCommonality>0.8</generateCommonality>
		<apparel>
      <bodyPartGroups>
        <li>Torso</li>
        <li>Shoulders</li>
        <li>Arms</li>
        <li>Legs</li>
      </bodyPartGroups>
      <wornGraphicPath>Things/Uniforms/MP/SRMPuniform</wornGraphicPath>
      <layers>
        <li>OnSkin</li>
      </layers>
      <tags>
        <li>Military</li>
        <li>Shinra</li>
      </tags>
      <defaultOutfitTags>
        <li>Worker</li>
        <li>Soldier</li>
      </defaultOutfitTags>
    </apparel>
    <tradeTags>
      <li>Shinraequipment</li>
    </tradeTags>
    <colorGenerator Class="ColorGenerator_StandardApparel" />
  </ThingDef>
  
      <!--========================= Shin-Ra HEIDEGGER UNIFORM Head of Public Safety==========================-->  
  
    <ThingDef ParentName="SRArmorMakeableBase">
    <defName>Apparel_HPSuniform</defName>
   <label>Shin-Ra Head of Public Safety Uniform</label>
    <description>Because... well, He is the chief of the Shin-Ra Army,Now you can have your Gya Ha Ha too!.</description>
       <techLevel>Industrial</techLevel>
	<recipeMaker>
        <researchPrerequisite>ComplexClothing</researchPrerequisite>
    </recipeMaker>
    <graphicData>
      <texPath>Things/Uniforms/Leaders/HPSHEI_Male_south</texPath>
      <graphicClass>Graphic_Single</graphicClass>
    </graphicData>
    <costStuffCount>55</costStuffCount>
    <costList>
      <Cloth>55</Cloth>
    </costList>
    <thingCategories>
      <li>Apparel</li>
    </thingCategories>
    <statBases>
      <WorkToMake>3000</WorkToMake>
      <MaxHitPoints>120</MaxHitPoints>
      <ArmorRating_Blunt>0.12</ArmorRating_Blunt>
      <ArmorRating_Sharp>0.05</ArmorRating_Sharp>
	  <Insulation_Cold>15</Insulation_Cold>
	  <Insulation_Heat>0</Insulation_Heat>
	  <Mass>1.10</Mass>
    </statBases>
    <equippedStatOffsets>
      <SocialImpact>0.15</SocialImpact>
    </equippedStatOffsets>
		<generateCommonality>0</generateCommonality>
		<apparel>
      <bodyPartGroups>
        <li>Torso</li>
        <li>Shoulders</li>
        <li>Arms</li>
        <li>Legs</li>
      </bodyPartGroups>
      <wornGraphicPath>Things/Uniforms/Leaders/HPSHEI</wornGraphicPath>
      <layers>
        <li>OnSkin</li>
        <li>Shell</li>		
      </layers>
      <tags>
        <li>Outlander</li>
      </tags>
      <defaultOutfitTags>
        <li>Worker</li>
        <li>Soldier</li>
      </defaultOutfitTags>
    </apparel>
    <tradeTags>
      <li>Shinraequipment</li>
    </tradeTags>
  </ThingDef>
     <!--========================= Shin-Ra Rufus Shinra Outfit==========================-->  
  
    <ThingDef ParentName="SRArmorMakeableBase">
    <defName>Apparel_PRERFSuniform</defName>
   <label>Rufus ShinRa Outfit</label>
    <description>You can't trust Heidegger, he will always fail to do his job right, so now you can have his boss to control him,well at least his outfit!.</description>
       <techLevel>Industrial</techLevel>
	<recipeMaker>
        <researchPrerequisite>ComplexClothing</researchPrerequisite>
    </recipeMaker>
    <graphicData>
      <texPath>Things/Uniforms/Leaders/PRERFS_Male_south</texPath>
      <graphicClass>Graphic_Single</graphicClass>
    </graphicData>
    <costStuffCount>55</costStuffCount>
    <thingCategories>
      <li>Apparel</li>
    </thingCategories>
    <costList>
      <Cloth>75</Cloth>
    </costList>
    <statBases>
      <WorkToMake>3500</WorkToMake>
      <MaxHitPoints>150</MaxHitPoints>
      <ArmorRating_Blunt>0.12</ArmorRating_Blunt>
      <ArmorRating_Sharp>0.15</ArmorRating_Sharp>
	  <Insulation_Cold>15</Insulation_Cold>
	  <Insulation_Heat>0</Insulation_Heat>
	  <Mass>1.10</Mass>
			<Beauty>5</Beauty>
    </statBases>
    <equippedStatOffsets>
      <SocialImpact>0.05</SocialImpact>
	  <TradePriceImprovement>0.08</TradePriceImprovement>
    </equippedStatOffsets>
		<generateCommonality>0</generateCommonality>
		<apparel>
      <bodyPartGroups>
        <li>Torso</li>
        <li>Shoulders</li>
        <li>Arms</li>
        <li>Legs</li>
      </bodyPartGroups>
      <wornGraphicPath>Things/Uniforms/Leaders/PRERFS</wornGraphicPath>
      <layers>
         <li>OnSkin</li>
        <li>Shell</li>	
      </layers>
      <tags>
        <li>Outlander</li>
      </tags>
      <defaultOutfitTags>
        <li>Worker</li>
        <li>Soldier</li>
      </defaultOutfitTags>
    </apparel>

    <tradeTags>
      <li>Shinraequipment</li>
    </tradeTags>
  </ThingDef>
  
    <ThingDef ParentName="SRArmorMakeableBase">
    <defName>Apparel_Turksuniform</defName>
   <label>ShinRa Turks Outfit</label>
    <description>Mariner blue suits for your favorite spies, this uniform if wear by the Turks or members of the Investigation Sector of the General Affairs Department of Shin-Ra.</description>
       <techLevel>Industrial</techLevel>
	<recipeMaker>
        <researchPrerequisite>ComplexClothing</researchPrerequisite>
    </recipeMaker>
    <graphicData>
      <texPath>Things/Uniforms/Turks/Turksoutfit_Male_south</texPath>
      <graphicClass>Graphic_Single</graphicClass>
    </graphicData>
    <costStuffCount>55</costStuffCount>
    <thingCategories>
      <li>Apparel</li>
    </thingCategories>
    <costList>
      <Cloth>75</Cloth>
    </costList>
    <statBases>
      <WorkToMake>3500</WorkToMake>
      <MaxHitPoints>150</MaxHitPoints>
      <ArmorRating_Blunt>0.15</ArmorRating_Blunt>
      <ArmorRating_Sharp>0.18</ArmorRating_Sharp>
	  <Insulation_Cold>15</Insulation_Cold>
	  <Insulation_Heat>0</Insulation_Heat>
		<Mass>1.15</Mass>
		<Beauty>5</Beauty>
    </statBases>
    <equippedStatOffsets>
      <SocialImpact>-0.02</SocialImpact>
	  <TradePriceImprovement>-0.02</TradePriceImprovement>
	  <MeleeDodgeChance>0.05</MeleeDodgeChance>
	   <MeleeHitChance>0.05</MeleeHitChance>
    </equippedStatOffsets>
		<generateCommonality>0</generateCommonality>
		<apparel>
      <bodyPartGroups>
        <li>Torso</li>
        <li>Shoulders</li>
        <li>Arms</li>
        <li>Legs</li>
      </bodyPartGroups>
      <wornGraphicPath>Things/Uniforms/Turks/Turksoutfit</wornGraphicPath>
      <layers>
         <li>OnSkin</li>
        <li>Shell</li>	
      </layers>
      <tags>
        <li>Outlander</li>
      </tags>
      <defaultOutfitTags>
        <li>Worker</li>
        <li>Soldier</li>
      </defaultOutfitTags>
    </apparel>
    <tradeTags>
      <li>Shinraequipment</li>
    </tradeTags>
  </ThingDef>
  
   <ThingDef ParentName="SRArmorHelmetMakeableBase">
    <defName>shinra_turksglasses</defName>
    <label>Turks Sun Glasses </label>
    <description>Sun glasses with integrated target selection and aiming support A.I, usually the Turks wear this.</description>
    <techLevel>Industrial</techLevel>
    <recipeMaker>
      <unfinishedThingDef>UnfinishedMetallicTechArmor</unfinishedThingDef>
    </recipeMaker>
    <graphicData>
      <texPath>Things/Uniforms/Turks/Turksunglass</texPath>
      <graphicClass>Graphic_Single</graphicClass>
    </graphicData>
    <statBases>
      <WorkToMake>2000</WorkToMake>
      <MaxHitPoints>140</MaxHitPoints>
      <Mass>1.2</Mass>
      <ArmorRating_Blunt>0.0</ArmorRating_Blunt>
      <ArmorRating_Sharp>0.0</ArmorRating_Sharp>
    </statBases>
		<costStuffCount>70</costStuffCount>
    <costList>
      <ComponentIndustrial>2</ComponentIndustrial>
				<Steel>35</Steel>
    </costList>
    <equippedStatOffsets>
	  <ShootingAccuracyPawn>0.05</ShootingAccuracyPawn>
	   <AimingDelayFactor>-0.02</AimingDelayFactor>
    </equippedStatOffsets>
    <apparel>
      <bodyPartGroups>
        <li>Eyes</li>
      </bodyPartGroups>
      <wornGraphicPath>Things/Uniforms/Turks/Turksunglass</wornGraphicPath>
      <layers>
        <li>Overhead</li>
      </layers>
      <tags>
        <li>Military</li>
       <li>Shinra</li>
      </tags>
      <defaultOutfitTags>
        <li>Soldier</li>
      </defaultOutfitTags>
    </apparel>
    <tradeTags>
      <li>Shinraequipment</li>
    </tradeTags>
  </ThingDef>
       <!--========================= Shin-Ra Worker exosqueleton==========================-->  
  
    <ThingDef ParentName="SRArmorMakeableBase">
    <defName>Shinra_WorkerExo</defName>
    <label>Shin-Ra Worker Exosqueleton </label>
    <description>A hydraulic exoskeleton with hauling Claws made of a combination Plasteel and Maksteel, Grants the wearer extra streght, allowing to haul more items at once and improves melee damage while also providing some protection, developed by Shin-Ra Company for his workers.</description>
    <techLevel>Industrial</techLevel>
    <recipeMaker>
        <researchPrerequisite>ComplexClothing</researchPrerequisite>
      <unfinishedThingDef>UnfinishedTechArmor</unfinishedThingDef>
    </recipeMaker>
    <graphicData>
      <texPath>Things/Uniforms/Worker/WorkerExo</texPath>
      <graphicClass>Graphic_Single</graphicClass>
    </graphicData>
    <statBases>
      <WorkToMake>25000</WorkToMake>
      <MaxHitPoints>300</MaxHitPoints>
      <Mass>20</Mass>
      <ArmorRating_Blunt>0.20</ArmorRating_Blunt>
      <ArmorRating_Sharp>0.60</ArmorRating_Sharp>
    </statBases>
    <thingCategories>
      <li>Apparel</li>
    </thingCategories>
    <costList>
      <Plasteel>30</Plasteel>
      <ComponentIndustrial>2</ComponentIndustrial>
      <MakSteelRe>30</MakSteelRe>
    </costList>
    <equippedStatOffsets>
          <CarryingCapacity>15.00</CarryingCapacity>
          <WorkSpeedGlobal>0.05</WorkSpeedGlobal>
          <MoveSpeed>0.10</MoveSpeed>
          <MeleeWeapon_DamageMultiplier>0.03</MeleeWeapon_DamageMultiplier>
          <MeleeWeapon_CooldownMultiplier>-0.02</MeleeWeapon_CooldownMultiplier>
    </equippedStatOffsets>
    <apparel>
      <bodyPartGroups>
        <li>Torso</li>
      </bodyPartGroups>
      <wornGraphicPath>Things/Uniforms/Worker/WorkerExo</wornGraphicPath>
      <layers>
        <li>Middle</li>
      </layers>
      <tags>
        <li>Outlander</li>
        <li>Military</li>
      </tags>
      <defaultOutfitTags>
        <li>Worker</li>
      </defaultOutfitTags>
    </apparel>
  </ThingDef>
     <!--========================= Shin-Ra scientist coat==========================-->  
  
    <ThingDef ParentName="SRArmorMakeableBase">
    <defName>Apparel_SCIuniform</defName>
   <label>Shin-Ra Scientist coat</label>
    <description>Now your scientist can wear a lab coat! offers 0 protection but gives researchers a research speed bonus.</description>
       <techLevel>Industrial</techLevel>
	<recipeMaker>
        <researchPrerequisite>ComplexClothing</researchPrerequisite>
    </recipeMaker>
    <graphicData>
      <texPath>Things/Uniforms/Leaders/SCIuniform_Male_south</texPath>
      <graphicClass>Graphic_Single</graphicClass>
    </graphicData>
    <costStuffCount>55</costStuffCount>
    <thingCategories>
      <li>Apparel</li>
    </thingCategories>
    <costList>
      <Cloth>75</Cloth>
    </costList>
    <statBases>
      <WorkToMake>5000</WorkToMake>
      <MaxHitPoints>150</MaxHitPoints>
      <ArmorRating_Blunt>0.00</ArmorRating_Blunt>
      <ArmorRating_Sharp>0.00</ArmorRating_Sharp>
	  <Insulation_Cold>15</Insulation_Cold>
	  <Insulation_Heat>0</Insulation_Heat>
	 	  <Mass>1.15</Mass>
			<Beauty>1</Beauty>
    </statBases>
    <equippedStatOffsets>
          <ResearchSpeedFactor>0.05</ResearchSpeedFactor>
    </equippedStatOffsets>
		<generateCommonality>0</generateCommonality>
		<apparel>
      <bodyPartGroups>
        <li>Torso</li>
        <li>Shoulders</li>
        <li>Arms</li>
        <li>Legs</li>
      </bodyPartGroups>
      <wornGraphicPath>Things/Uniforms/Leaders/SCIuniform</wornGraphicPath>
      <layers>
        <li>OnSkin</li>
      </layers>
      <tags>
        <li>Outlander</li>
      </tags>
      <defaultOutfitTags>
        <li>Worker</li>
      </defaultOutfitTags>
    </apparel>

    <tradeTags>
      <li>Shinraequipment</li>
    </tradeTags>
  </ThingDef>
     <!--========================= Shin-Ra Armor grunt PA==========================--> 
	<ThingDef ParentName="SRArmorMakeableBase">
    <defName>Apparel_ShinraPowerArmor</defName>
    <label>Shin-Ra Mighty Grunt PA</label>
    <description>Massive Powered armor usually used by assault troops from Shin-Ra Company.</description>
    <techLevel>Spacer</techLevel>
    <recipeMaker>
      <unfinishedThingDef>UnfinishedTechArmor</unfinishedThingDef>
      <researchPrerequisite>PoweredArmor</researchPrerequisite>
    </recipeMaker>
    <graphicData>
      <texPath>Things/Uniforms/PA/Apparel_ShinraPowerArmor_Hulk_south</texPath>
      <graphicClass>Graphic_Single</graphicClass>
    </graphicData>
    <statBases>
	  <MarketValue>2700</MarketValue>
      <MaxHitPoints>440</MaxHitPoints>
      <Mass>45</Mass>
      <ArmorRating_Blunt>0.55</ArmorRating_Blunt>
      <ArmorRating_Sharp>0.85</ArmorRating_Sharp>
      <ArmorRating_Heat>0.30</ArmorRating_Heat>
      <Insulation_Cold>45</Insulation_Cold>
    </statBases>
    <equippedStatOffsets>
      <MoveSpeed>-0.15</MoveSpeed>
      <WorkSpeedGlobal>-0.15</WorkSpeedGlobal>
      <PainShockThreshold>0.10</PainShockThreshold>
	  <ToxicSensitivity>-0.2</ToxicSensitivity>
    </equippedStatOffsets>
    <thingCategories>
      <li>Apparel</li>
    </thingCategories>
    <costList>
      <ComponentIndustrial>15</ComponentIndustrial>
      <Plasteel>35</Plasteel>
      <MakSteelRe>80</MakSteelRe>
    </costList>
		<generateCommonality>0</generateCommonality>
		<apparel>
			<bodyPartGroups>
				<li>Torso</li>
				<li>Neck</li>
				<li>Shoulders</li>
				<li>Arms</li>
				<li>Legs</li>
				<li>Feet</li>
				<li>Hands</li>
			</bodyPartGroups>
			<wornGraphicPath>Things/Uniforms/PA/Apparel_ShinraPowerArmor</wornGraphicPath>
			<layers>
				<li>Middle</li>
				<li>Shell</li>
			</layers>
			<tags>
        <li>Outlander</li>
        <li>Spacer</li>
        <li>Military</li>
      </tags>
      <defaultOutfitTags>
        <li>Soldier</li>
      </defaultOutfitTags>
    </apparel>
    <tradeTags>
      <li>Shinraequipment</li>
    </tradeTags>
  </ThingDef>
  
   <ThingDef ParentName="SRArmorHelmetMakeableBase">
    <defName>Apparel_ShinraPowerArmorhelmet</defName>
    <label>Shin-Ra Mighty Grunt PA Helmet</label>
    <description>Just the helmet of the Mighty Grunt Power Armor.</description>
    <techLevel>Spacer</techLevel>
    <recipeMaker>
      <unfinishedThingDef>UnfinishedTechArmor</unfinishedThingDef>
      <researchPrerequisite>PoweredArmor</researchPrerequisite>
    </recipeMaker>
    <graphicData>
      <texPath>Things/Uniforms/PA/Apparel_ShinraPowerArmorhelmet_south</texPath>
      <graphicClass>Graphic_Single</graphicClass>
    </graphicData>
    <statBases>
	  <MarketValue>1400</MarketValue>
      <WorkToMake>40000</WorkToMake>
      <MaxHitPoints>160</MaxHitPoints>
      <Mass>5</Mass>
      <ArmorRating_Blunt>0.40</ArmorRating_Blunt>
      <ArmorRating_Sharp>0.62</ArmorRating_Sharp>
      <ArmorRating_Heat>0.5</ArmorRating_Heat>
      <Insulation_Cold>-1</Insulation_Cold>
      <Insulation_Heat>0</Insulation_Heat>
    </statBases>
    <equippedStatOffsets>
      <MoveSpeed>-0.04</MoveSpeed>
	<PsychicSensitivity>-0.2</PsychicSensitivity>
	  <ShootingAccuracyPawn>0.25</ShootingAccuracyPawn>
	  <ToxicSensitivity>-0.8</ToxicSensitivity>
    </equippedStatOffsets>
    <costList>
      <ComponentIndustrial>5</ComponentIndustrial>
      <Plasteel>15</Plasteel>
      <MakSteelRe>50</MakSteelRe>
    </costList>
		<generateCommonality>0</generateCommonality>
		<apparel>
			<bodyPartGroups>
				<li>FullHead</li>
			</bodyPartGroups>
			<wornGraphicPath>Things/Uniforms/PA/Apparel_ShinraPowerArmorhelmet</wornGraphicPath>
			<layers>
				<li>Overhead</li>
			</layers>
			<tags>
        <li>Military</li>
      </tags>
      <defaultOutfitTags>
        <li>Soldier</li>
      </defaultOutfitTags>
    </apparel>
    <tradeTags>
      <li>Shinraequipment</li>
    </tradeTags>
  </ThingDef>
  
         <!--========================= robot only armor==========================-->  
  
    <ThingDef ParentName="SRArmorMakeableBase">
    <defName>Shinra_robotarmor</defName>
    <label>Robot Plasteel Reinforcement </label>
    <description>an extra cape of Plasteel for your robots.</description>
    <techLevel>Industrial</techLevel>
    <recipeMaker>
        <researchPrerequisite>ComplexClothing</researchPrerequisite>
      <unfinishedThingDef>UnfinishedTechArmor</unfinishedThingDef>
    </recipeMaker>
    <graphicData>
      <texPath>Things/Uniforms/Robot/Robotarmor</texPath>
      <graphicClass>Graphic_Single</graphicClass>
    </graphicData>
    <statBases>
      <WorkToMake>15000</WorkToMake>
      <MaxHitPoints>300</MaxHitPoints>
      <Mass>20</Mass>
      <ArmorRating_Blunt>0.20</ArmorRating_Blunt>
      <ArmorRating_Sharp>0.60</ArmorRating_Sharp>
    </statBases>
    <thingCategories>
      <li>Apparel</li>
    </thingCategories>
    <costList>
      <Plasteel>30</Plasteel>
    </costList>
    <apparel>
      <bodyPartGroups>
        <li>Torso</li>
      </bodyPartGroups>
      <wornGraphicPath>Things/Uniforms/Robot/Robotarmorinvi</wornGraphicPath>
      <layers>
        <li>Middle</li>
      </layers>
      <tags>
        <li>Outlander</li>
        <li>Military</li>
      </tags>
      <defaultOutfitTags>
        <li>Worker</li>
      </defaultOutfitTags>
    </apparel>
  </ThingDef>
  
<!--========================= SOLDIER OUTFITS ==========================-->  
  
    <ThingDef ParentName="SRApparelBase">
    <defName>Apparel_SRSoldier1ST</defName>
   <label>SOLDIER 1st Class Uniform</label>
    <description>Standard SOLDIER 1st class uniform,has more protection than standard army uniform.</description>
       <techLevel>Industrial</techLevel>
	<recipeMaker>
        <researchPrerequisite>ComplexClothing</researchPrerequisite>
    </recipeMaker>
    <graphicData>
      <texPath>Things/Uniforms/Soldier/SoldierOutfit1st_Male_south</texPath>
      <graphicClass>Graphic_Single</graphicClass>
    </graphicData>
    <costStuffCount>55</costStuffCount>
    <costList>
	  <Steel>10</Steel>
      <Cloth>90</Cloth>
    </costList>
    <thingCategories>
      <li>Apparel</li>
    </thingCategories>
    <statBases>
      <WorkToMake>12000</WorkToMake>
      <MaxHitPoints>180</MaxHitPoints>
      <ArmorRating_Blunt>0.50</ArmorRating_Blunt>
      <ArmorRating_Sharp>0.45</ArmorRating_Sharp>
	  <Insulation_Cold>15</Insulation_Cold>
	  <Insulation_Heat>0</Insulation_Heat>
	 	  <Mass>1.15</Mass>
    </statBases>
		<generateCommonality>0.8</generateCommonality>
		<apparel>
      <bodyPartGroups>
        <li>Torso</li>
        <li>Shoulders</li>
        <li>Arms</li>
        <li>Legs</li>
      </bodyPartGroups>
      <wornGraphicPath>Things/Uniforms/Soldier/SoldierOutfit1st</wornGraphicPath>
      <layers>
        <li>OnSkin</li>
      </layers>
      <tags>
        <li>Military</li>
        <li>Shinra</li>
      </tags>
      <defaultOutfitTags>
        <li>Soldier</li>
      </defaultOutfitTags>
    </apparel>
    <tradeTags>
      <li>Shinraequipment</li>
    </tradeTags>
  </ThingDef>
  
     <ThingDef ParentName="SRApparelBase">
    <defName>Apparel_SRSoldier2nd</defName>
   <label>SOLDIER 2nd Class Uniform</label>
    <description>Standard SOLDIER 2nd class uniform,has more protection than standard army uniform.</description>
       <techLevel>Industrial</techLevel>
	<recipeMaker>
        <researchPrerequisite>ComplexClothing</researchPrerequisite>
    </recipeMaker>
    <graphicData>
      <texPath>Things/Uniforms/Soldier/SoldierOutfit2nd_Male_south</texPath>
      <graphicClass>Graphic_Single</graphicClass>
    </graphicData>
    <costStuffCount>55</costStuffCount>
    <costList>
	  <Steel>8</Steel>
      <Cloth>85</Cloth>
    </costList>
    <thingCategories>
      <li>Apparel</li>
    </thingCategories>
    <statBases>
      <WorkToMake>10000</WorkToMake>
      <MaxHitPoints>180</MaxHitPoints>
      <ArmorRating_Blunt>0.45</ArmorRating_Blunt>
      <ArmorRating_Sharp>0.40</ArmorRating_Sharp>
	  <Insulation_Cold>15</Insulation_Cold>
	  <Insulation_Heat>0</Insulation_Heat>
	  	  <Mass>1.15</Mass>
    </statBases>
		<generateCommonality>0.8</generateCommonality>
		<apparel>
      <bodyPartGroups>
        <li>Torso</li>
        <li>Shoulders</li>
        <li>Arms</li>
        <li>Legs</li>
      </bodyPartGroups>
      <wornGraphicPath>Things/Uniforms/Soldier/SoldierOutfit2nd</wornGraphicPath>
      <layers>
        <li>OnSkin</li>
      </layers>
      <tags>
        <li>Military</li>
        <li>Shinra</li>
      </tags>
      <defaultOutfitTags>
        <li>Soldier</li>
      </defaultOutfitTags>
    </apparel>
    <tradeTags>
      <li>Shinraequipment</li>
    </tradeTags>
  </ThingDef>
  
     <ThingDef ParentName="SRApparelBase">
    <defName>Apparel_SRSoldier3rd</defName>
   <label>SOLDIER 3rd Class Uniform</label>
    <description>Standard SOLDIER 3rd class uniform,has more protection than standard army uniform.</description>
       <techLevel>Industrial</techLevel>
	<recipeMaker>
        <researchPrerequisite>ComplexClothing</researchPrerequisite>
    </recipeMaker>
    <graphicData>
      <texPath>Things/Uniforms/Soldier/SoldierOutfit3rd_Male_south</texPath>
      <graphicClass>Graphic_Single</graphicClass>
    </graphicData>
    <costStuffCount>55</costStuffCount>
    <costList>
	  <Steel>8</Steel>
      <Cloth>80</Cloth>
    </costList>
    <thingCategories>
      <li>Apparel</li>
    </thingCategories>
    <statBases>
      <WorkToMake>9000</WorkToMake>
      <MaxHitPoints>180</MaxHitPoints>
      <ArmorRating_Blunt>0.40</ArmorRating_Blunt>
      <ArmorRating_Sharp>0.35</ArmorRating_Sharp>
	  <Insulation_Cold>15</Insulation_Cold>
	  <Insulation_Heat>0</Insulation_Heat>
	 	  <Mass>1.15</Mass>
    </statBases>
		<generateCommonality>0.8</generateCommonality>
		<apparel>
      <bodyPartGroups>
        <li>Torso</li>
        <li>Shoulders</li>
        <li>Arms</li>
        <li>Legs</li>
      </bodyPartGroups>
      <wornGraphicPath>Things/Uniforms/Soldier/SoldierOutfit3rd</wornGraphicPath>
      <layers>
        <li>OnSkin</li>
      </layers>
      <tags>
        <li>Military</li>
        <li>Shinra</li>
      </tags>
      <defaultOutfitTags>
        <li>Soldier</li>
      </defaultOutfitTags>
    </apparel>
    <tradeTags>
      <li>Shinraequipment</li>
    </tradeTags>
  </ThingDef>
</Defs>