﻿<?xml version="1.0" encoding="utf-8" ?>
<Defs>

  <ThingDef ParentName="BasePawn" Name="BaseSRMechanoid" Abstract="True">
    <soundImpactDefault>BulletImpact_Metal</soundImpactDefault>
    <statBases>
      <PsychicSensitivity>0</PsychicSensitivity>
      <ToxicSensitivity>0</ToxicSensitivity>
      <Flammability>0</Flammability>
      <ComfyTemperatureMin>-100</ComfyTemperatureMin>
      <ComfyTemperatureMax>250</ComfyTemperatureMax>
      <MeatAmount>0</MeatAmount>
    </statBases>
    <race>
      <fleshType>Mechanoid</fleshType>
      <needsRest>false</needsRest>
      <hasGenders>false</hasGenders>
      <foodType>None</foodType>
    </race>
  </ThingDef>
  
  <ThingDef ParentName="BasePawn" Name="BaseSRMechanoidb" Abstract="True">
    <soundImpactDefault>BulletImpact_Metal</soundImpactDefault>
    <statBases>
      <PsychicSensitivity>0</PsychicSensitivity>
      <ToxicSensitivity>0</ToxicSensitivity>
      <Flammability>0</Flammability>
      <ComfyTemperatureMin>-100</ComfyTemperatureMin>
      <ComfyTemperatureMax>250</ComfyTemperatureMax>
      <MeatAmount>0</MeatAmount>
    </statBases>
    <race>
      <fleshType>Mechanoid</fleshType>
      <needsRest>false</needsRest>
      <hasGenders>false</hasGenders>
      <foodType>None</foodType>
    </race>
  </ThingDef>

  <!-- HELI GUNNER -->
  <ThingDef ParentName="BaseSRMechanoid">
    <defName>Mechanoid_HeliGunner</defName>
    <label>Heli Gunner</label>
    <description>Fast, Spinning and Flying combat Drone. They are equipped with three Main Guns on triangle pattern,their ranged damage it's hight but the are weak on melee,They were property of Shin-Ra Company until an Error of programming on the A.I turned some of them on their creators.</description>
    <statBases>
      <MoveSpeed>8.6</MoveSpeed>
      <ArmorRating_Blunt>0.1</ArmorRating_Blunt>
      <ArmorRating_Sharp>0.40</ArmorRating_Sharp>
      <MeatAmount>0</MeatAmount>
      <Flammability>1.0</Flammability>
      <ComfyTemperatureMin>-102</ComfyTemperatureMin>
      <ComfyTemperatureMax>2000</ComfyTemperatureMax>
    </statBases>
     <tools>
      <li>
        <label>left blade</label>
        <capacities>
          <li>Cut</li>
          <li>Stab</li>
        </capacities>
        <power>5</power>
        <cooldownTime>1.65</cooldownTime>
        <linkedBodyPartsGroup>LeftBlade</linkedBodyPartsGroup>
        <alwaysTreatAsWeapon>true</alwaysTreatAsWeapon>
      </li>
      <li>
        <label>right blade</label>
        <capacities>
          <li>Cut</li>
          <li>Stab</li>
        </capacities>
        <power>5</power>
        <cooldownTime>1.65</cooldownTime>
        <linkedBodyPartsGroup>RightBlade</linkedBodyPartsGroup>
        <alwaysTreatAsWeapon>true</alwaysTreatAsWeapon>
      </li>
      <li>
        <label>head</label>
        <capacities>
          <li>Blunt</li>
        </capacities>
        <power>7</power>
        <cooldownTime>1.65</cooldownTime>
        <linkedBodyPartsGroup>HeadAttackTool</linkedBodyPartsGroup>
        <chanceFactor>0.2</chanceFactor>
      </li>
    </tools>
    <race>
      <thinkTreeMain>Mechanoid</thinkTreeMain>
      <thinkTreeConstant>HumanlikeConstant</thinkTreeConstant>
      <intelligence>ToolUser</intelligence>
      <makesFootprints>false</makesFootprints>
      <lifeExpectancy>3000</lifeExpectancy>
      <nameCategory>HumanStandard</nameCategory>
      <body>HeliGunner</body>
      <baseBodySize>1.5</baseBodySize>
      <baseHealthScale>1.5</baseHealthScale>
      <foodType>None</foodType>
      <litterSizeCurve>
        <points>
          <li>(0.5, 0)</li>
          <li>(1, 1)</li>
          <li>(1.01, 0.02)</li>
          <li>(3.5, 0)</li>
        </points>
      </litterSizeCurve>
      <lifeStageAges>
        <li>
          <def>MechanoidFullyFormed</def>
          <minAge>0</minAge>
          <soundWounded>Pawn_Mech_Scyther_Wounded</soundWounded>
          <soundDeath>Pawn_Mech_Scyther_Death</soundDeath>
          <soundCall>Pawn_Mech_Scyther_Call</soundCall>
        </li>
      </lifeStageAges>
      <soundMeleeHitPawn>Pawn_Melee_MechanoidSlash_HitPawn</soundMeleeHitPawn>
      <soundMeleeHitBuilding>Pawn_Melee_MechanoidSlash_HitBuilding</soundMeleeHitBuilding>
      <soundMeleeMiss>Pawn_Melee_MechanoidSlash_Miss</soundMeleeMiss>
      <specialShadowData>
        <volume>(0.3, 0.8, 0.4)</volume>
        <offset>(0,0,-0.3)</offset>
      </specialShadowData>
      <ageGenerationCurve>
        <points>
          <li>(14,0)</li>
          <li>(16,100)</li>
          <li>(50,100)</li>
          <li>(60,30)</li>
          <li>(70,18)</li>
          <li>(80,10)</li>
          <li>(90,3)</li>
          <li>(100,0)</li>
        </points>
      </ageGenerationCurve>
      <hediffGiverSets>
        <li>OrganicStandard</li>
      </hediffGiverSets>
    </race>
    <butcherProducts>
      <Steel>40</Steel>
      <Plasteel>25</Plasteel>
      <ComponentIndustrial>1</ComponentIndustrial>
    </butcherProducts>
  </ThingDef>
  
  <PawnKindDef ParentName="BaseMechanoidKind">
    <defName>Mechanoid_HeliGunner</defName>
    <label>Heli Gunner</label>
    <race>Mechanoid_HeliGunner</race>
    <combatPower>160</combatPower>

		<lifeStages>
			<li>
				<bodyGraphicData>
					<texPath>Things/Pawn/Mechanoid/Heli_Gunner</texPath>
					<graphicClass>Graphic_Multi</graphicClass>
					<drawSize>1.5</drawSize>
					<shadowData>
						<volume>(0.4, 0.8, 0.4)</volume>
					</shadowData>
				</bodyGraphicData>
			</li>
		</lifeStages>
		<weaponMoney>
			<min>3000</min>
			<max>3000</max>
		</weaponMoney>
		<weaponTags>
			<li>heligunnerGunMedium</li>
		</weaponTags>
  </PawnKindDef>
  
  <!-- buyllable HELI GUNNER -->
  <ThingDef ParentName="BaseSRMechanoidb">
    <defName>Mechanoid_HeliGunnerB</defName>
    <label>Heli Gunner</label>
    <description>Fast, Spinning and Flying combat Drone. They are equipped with three Main Guns on triangle pattern,their ranged damage it's hight but the are weak on melee,They are property of Shin-Ra Company.</description>
    <statBases>
      <MoveSpeed>8.6</MoveSpeed>
      <ArmorRating_Blunt>0.1</ArmorRating_Blunt>
      <ArmorRating_Sharp>0.40</ArmorRating_Sharp>
      <MeatAmount>0</MeatAmount>
      <MarketValue>1550</MarketValue>
      <Flammability>1.0</Flammability>
      <ComfyTemperatureMin>-102</ComfyTemperatureMin>
      <ComfyTemperatureMax>2000</ComfyTemperatureMax>
    </statBases>
     <tools>
      <li>
        <label>left blade</label>
        <capacities>
          <li>Cut</li>
          <li>Stab</li>
        </capacities>
        <power>5</power>
        <cooldownTime>1.65</cooldownTime>
        <linkedBodyPartsGroup>LeftBlade</linkedBodyPartsGroup>
        <alwaysTreatAsWeapon>true</alwaysTreatAsWeapon>
      </li>
      <li>
        <label>right blade</label>
        <capacities>
          <li>Cut</li>
          <li>Stab</li>
        </capacities>
        <power>5</power>
        <cooldownTime>1.65</cooldownTime>
        <linkedBodyPartsGroup>RightBlade</linkedBodyPartsGroup>
        <alwaysTreatAsWeapon>true</alwaysTreatAsWeapon>
      </li>
      <li>
        <label>head</label>
        <capacities>
          <li>Blunt</li>
        </capacities>
        <power>7</power>
        <cooldownTime>1.65</cooldownTime>
        <linkedBodyPartsGroup>HeadAttackTool</linkedBodyPartsGroup>
        <chanceFactor>0.2</chanceFactor>
      </li>
    </tools>
    <race>
      <thinkTreeMain>Mechanoid</thinkTreeMain>
      <thinkTreeConstant>HumanlikeConstant</thinkTreeConstant>
      <intelligence>ToolUser</intelligence>
      <makesFootprints>false</makesFootprints>
      <lifeExpectancy>3000</lifeExpectancy>
      <nameCategory>HumanStandard</nameCategory>
      <body>HeliGunner</body>
      <baseBodySize>1.5</baseBodySize>
      <baseHealthScale>1.5</baseHealthScale>
      <foodType>None</foodType>
      <litterSizeCurve>
        <points>
          <li>(0.5, 0)</li>
          <li>(1, 1)</li>
          <li>(1.01, 0.02)</li>
          <li>(3.5, 0)</li>
        </points>
      </litterSizeCurve>
      <lifeStageAges>
        <li>
          <def>MechanoidFullyFormed</def>
          <minAge>0</minAge>
          <soundWounded>Pawn_Mech_Scyther_Wounded</soundWounded>
          <soundDeath>Pawn_Mech_Scyther_Death</soundDeath>
          <soundCall>Pawn_Mech_Scyther_Call</soundCall>
        </li>
      </lifeStageAges>
      <soundMeleeHitPawn>Pawn_Melee_MechanoidSlash_HitPawn</soundMeleeHitPawn>
      <soundMeleeHitBuilding>Pawn_Melee_MechanoidSlash_HitBuilding</soundMeleeHitBuilding>
      <soundMeleeMiss>Pawn_Melee_MechanoidSlash_Miss</soundMeleeMiss>
      <specialShadowData>
        <volume>(0.3, 0.8, 0.4)</volume>
        <offset>(0,0,-0.3)</offset>
      </specialShadowData>
      <ageGenerationCurve>
        <points>
          <li>(14,0)</li>
          <li>(16,100)</li>
          <li>(50,100)</li>
          <li>(60,30)</li>
          <li>(70,18)</li>
          <li>(80,10)</li>
          <li>(90,3)</li>
          <li>(100,0)</li>
        </points>
      </ageGenerationCurve>
      <hediffGiverSets>
        <li>OrganicStandard</li>
      </hediffGiverSets>
    </race>
    <butcherProducts>
      <Steel>40</Steel>
      <Plasteel>25</Plasteel>
      <ComponentIndustrial>1</ComponentIndustrial>
    </butcherProducts>
  </ThingDef>

  <PawnKindDef ParentName="BaseMechanoidKind">
    <defName>Mechanoid_HeliGunnerB</defName>
    <label>Heli Gunner</label>
    <race>Mechanoid_HeliGunnerB</race>
    <combatPower>160</combatPower>

		<lifeStages>
			<li>
				<bodyGraphicData>
					<texPath>Things/Pawn/Mechanoid/Heli_Gunner</texPath>
					<graphicClass>Graphic_Multi</graphicClass>
					<drawSize>1.5</drawSize>
					<shadowData>
						<volume>(0.4, 0.8, 0.4)</volume>
					</shadowData>
				</bodyGraphicData>
			</li>
		</lifeStages>
		<weaponMoney>
			<min>3000</min>
			<max>3000</max>
		</weaponMoney>
		<weaponTags>
			<li>heligunnerGunMedium</li>
		</weaponTags>
  </PawnKindDef>


</Defs>