﻿<?xml version="1.0" encoding="utf-8" ?>
<Defs>


<AlienRace.ThingDef_AlienRace ParentName="BasePawn">
    <defName>HumanSoldier</defName>
    <label>Jenova compatible human</label>
    <description>A normal human that was born on Gaia, Home planet of the Shin-Ra Company,These humans at first cohabited with a human like race called the Cetra, after many years of genetic mixup between the two races, the Original Cetra dissapeared but, these humans inherit some of their genetic code, making them compatible with Jenova cells and making them good candidates to be genetically turned into SOLDIERs.</description>
    
	<alienRace>
        <generalSettings>
		<maleGenderProbability>0.5</maleGenderProbability>
			<immuneToAge>true</immuneToAge>
			<useOnlyPawnkindBackstories>true</useOnlyPawnkindBackstories>
			<chemicalSettings>
				<li>
					<chemical>Smokeleaf</chemical>
					<ingestible>true</ingestible>
				</li>		
				<li>
					<chemical>Luciferium</chemical>
					<ingestible>true</ingestible>
				</li>			
			</chemicalSettings>	
				<maxDamageForSocialfight>6</maxDamageForSocialfight>
				<allowHumanBios>true</allowHumanBios>
				<immuneToXenophobia>true</immuneToXenophobia>
				<notXenophobistTowards>
					<li>Human</li>
				</notXenophobistTowards>
				<humanRecipeImport>false</humanRecipeImport>			
        </generalSettings>
		
        <graphicPaths>

        </graphicPaths>
		
        <hairSettings>
		<hasHair>true</hasHair>
		<getsGreyAt>65</getsGreyAt>
        </hairSettings>

        <thoughtSettings>

        </thoughtSettings>
		
        <relationSettings>
            <relationChanceModifierLover>1</relationChanceModifierLover>
            <relationChanceModifierExLover>1</relationChanceModifierExLover>

            <relationChanceModifierFiance>1</relationChanceModifierFiance>
            <relationChanceModifierSpouse>1</relationChanceModifierSpouse>
            <relationChanceModifierExSpouse>1</relationChanceModifierExSpouse>

            <relationChanceModifierParent>1</relationChanceModifierParent>
            <relationChanceModifierChild>1</relationChanceModifierChild>
            <relationChanceModifierSibling>1</relationChanceModifierSibling>
        </relationSettings>

        <raceRestriction>
            <researchList>
                <li>
                    <projects>
                        <li>Early_Shinra</li>
                    </projects>
                </li>
            </researchList>
        </raceRestriction>
    </alienRace>
	     <statBases>
      <MarketValue>1750</MarketValue>
      <MoveSpeed>4.6</MoveSpeed>
      <Flammability>1.0</Flammability>
      <ComfyTemperatureMin>12</ComfyTemperatureMin>
      <ComfyTemperatureMax>32</ComfyTemperatureMax>
      <LeatherAmount>50</LeatherAmount>
    </statBases>

	    <tools>
      <li>
        <label>left fist</label>
        <capacities>
          <li>Blunt</li>
        </capacities>
        <power>7</power>
        <cooldownTime>1.6</cooldownTime>
        <linkedBodyPartsGroup>LeftHand</linkedBodyPartsGroup>
        <surpriseAttack>
          <extraMeleeDamages>
            <li>
              <def>Stun</def>
              <amount>22</amount>
            </li>
          </extraMeleeDamages>
        </surpriseAttack>
      </li>
      <li>
        <label>right fist</label>
        <capacities>
          <li>Blunt</li>
        </capacities>
        <power>7</power>
        <cooldownTime>1.6</cooldownTime>
        <linkedBodyPartsGroup>RightHand</linkedBodyPartsGroup>
        <surpriseAttack>
          <extraMeleeDamages>
            <li>
              <def>Stun</def>
              <amount>22</amount>
            </li>
          </extraMeleeDamages>
        </surpriseAttack>
      </li>
      <li>
        <label>head</label>
        <capacities>
          <li>Blunt</li>
        </capacities>
        <power>5</power>
        <cooldownTime>1.8</cooldownTime>
        <linkedBodyPartsGroup>HeadAttackTool</linkedBodyPartsGroup>
        <chanceFactor>0.2</chanceFactor>
      </li>
    </tools>
	
   <race>
      <thinkTreeMain>Humanlike</thinkTreeMain>
      <thinkTreeConstant>HumanlikeConstant</thinkTreeConstant>
      <intelligence>Humanlike</intelligence>
      <makesFootprints>true</makesFootprints>
      <lifeExpectancy>80</lifeExpectancy>
	  <leatherDef>Leather_Human</leatherDef>
      <nameCategory>HumanStandard</nameCategory>
      <body>Human</body>
      <baseBodySize>1</baseBodySize>
      <baseHealthScale>1</baseHealthScale>
      <foodType>OmnivoreHuman</foodType>
      <gestationPeriodDays>45</gestationPeriodDays>
      <meatMarketValue>0.8</meatMarketValue>
      <manhunterOnDamageChance>0.20</manhunterOnDamageChance>
      <manhunterOnTameFailChance>0.02</manhunterOnTameFailChance>
      <litterSizeCurve>
        <points>
          <li>(0.5, 0)</li>
          <li>(1, 1)</li>
          <li>(1.01, 0.02)</li>
          <li>(3.5, 0)</li>
        </points>
      </litterSizeCurve>
      <lifeStageAges>
        <li>
          <def>HumanlikeBaby</def>
          <minAge>0</minAge>
        </li>
        <li>
          <def>HumanlikeToddler</def>
          <minAge>1.2</minAge>
        </li>
        <li>
          <def>HumanlikeChild</def>
          <minAge>4</minAge>
        </li>
        <li>
          <def>HumanlikeTeenager</def>
          <minAge>13</minAge>
        </li>
        <li>
          <def>HumanlikeAdult</def>
          <minAge>18</minAge>
        </li>
      </lifeStageAges>
	        <soundMeleeHitPawn>Pawn_Melee_Punch_HitPawn</soundMeleeHitPawn>
      <soundMeleeHitBuilding>Pawn_Melee_Punch_HitBuilding</soundMeleeHitBuilding>
      <soundMeleeMiss>Pawn_Melee_Punch_Miss</soundMeleeMiss>
      <specialShadowData>
        <volume>(0.3, 0.8, 0.4)</volume>
        <offset>(0,0,-0.3)</offset>
      </specialShadowData>
      <ageGenerationCurve>
        <points>
          <li>(14,0)</li>
          <li>(16,100)</li>
          <li>(50,100)</li>
          <li>(60,30)</li>
          <li>(70,18)</li>
          <li>(80,10)</li>
          <li>(90,3)</li>
          <li>(100,0)</li>
        </points>
      </ageGenerationCurve>
      <hediffGiverSets>
        <li>OrganicStandard</li>
      </hediffGiverSets>
    </race>
    <recipes>
      <li>InstallArchotechEye</li>
      <li>InstallArchotechArm</li>
      <li>InstallArchotechLeg</li>
      <li>InstallPowerClaw</li>
      <li>InstallBionicEye</li>
      <li>InstallBionicArm</li>
      <li>InstallBionicLeg</li>
      <li>InstallBionicSpine</li>
      <li>InstallBionicHeart</li>
      <li>InstallBionicStomach</li>
      <li>InstallBionicEar</li>
      <li>InstallSimpleProstheticArm</li>
      <li>InstallSimpleProstheticLeg</li>
      <li>InstallSimpleProstheticHeart</li>
      <li>InstallCochlearImplant</li>
      <li>InstallPegLeg</li>
      <li>InstallWoodenFoot</li>
      <li>InstallDenture</li>
      <li>InstallJoywire</li>
      <li>InstallPainstopper</li>
      <li>InstallNaturalHeart</li>
      <li>InstallNaturalLung</li>
      <li>InstallNaturalKidney</li>
      <li>InstallNaturalLiver</li>
      <li>ExciseCarcinoma</li>
      <li>AdministerMechSerumHealer</li>
      <li>RemoveBodyPart</li>
      <li>Euthanize</li>
      <li>Anesthetize</li>
    </recipes>	
	
</AlienRace.ThingDef_AlienRace>

</Defs>
