<?xml version="1.0" encoding="utf-8" ?>
<Defs>
<!-- ===========--> 
   <RecipeDef>
    <defName>bomber_SRCraft</defName>
    <label>Request Gelnika Space Bomber Support </label>
    <description>Request Gelnika Bombardment Support</description>
    <jobString>Requesting Gelnika Bombardment Support</jobString>
	<unfinishedThingDef>UnfinishedGun</unfinishedThingDef>
	<workSpeedStat>SmithingSpeed</workSpeedStat> 
 <effectWorking>Smith</effectWorking> 
 <soundWorking>SRRADIO_Machining</soundWorking>
    <workAmount>35000</workAmount>
	<workSkill>Social</workSkill>
    <products>
        <ShinraargeterBombardment>1</ShinraargeterBombardment>
    </products>
    <ingredients>
		<li>
			<filter>
				<thingDefs>
					<li>Steel</li>
				</thingDefs>
			</filter>
			<count>50</count>
		</li>
		<li>
			<filter>
				<thingDefs>
					<li>ComponentIndustrial</li>
				</thingDefs>
			</filter>
			<count>10</count>
		</li>
		<li>
			<filter>
				<thingDefs>
					<li>Plasteel</li>
				</thingDefs>
			</filter>
			<count>15</count>
		</li>
    </ingredients>
	<fixedIngredientFilter>
         <thingDefs>
            <li>Steel</li>
			<li>ComponentIndustrial</li>
			<li>Plasteel</li>
         </thingDefs>
    </fixedIngredientFilter>
	<recipeUsers>
		<li>SROrbitalCommsTable</li>
	</recipeUsers>
    <researchPrerequisite>Shinra_gunsOrb</researchPrerequisite>
	<skillRequirements>
<Crafting>10</Crafting>
	</skillRequirements>
  </RecipeDef>  
  


</Defs>