<?xml version="1.0" encoding="utf-8" ?>
<Defs>

  <MapGeneratorDef ParentName="MapCommonBase">
    <defName>Base_Faction</defName>
    <genSteps>
      <li>RocksFromGrid</li>
      <li>ScatterDeepResourceLumps</li>
      <li>Settlement</li>
      <li>SettlementPower</li>
    </genSteps>
  </MapGeneratorDef>
  
  <!-- Generate faction base -->
  <GenStepDef>
    <defName>Settlement</defName>
    <order>400</order>
    <genStep Class="GenStep_Settlement">
      <count>1</count>
      <nearMapCenter>true</nearMapCenter>
    </genStep>
  </GenStepDef>

  <!-- Spawn power conduits -->
  <GenStepDef>
    <defName>SettlementPower</defName>
    <order>401</order>
    <genStep Class="GenStep_Power" />
  </GenStepDef>
  
</Defs>
