﻿<?xml version="1.0" encoding="utf-8" ?>
<Defs>



  <BodyPartDef>
    <defName>Bombrightarm</defName>
    <label>Right Arm</label>
    <hitPoints>50</hitPoints>
    <permanentInjuryChanceFactor>0</permanentInjuryChanceFactor>
    <skinCovered>false</skinCovered>
    <solid>true</solid>
    <bleedRate>0</bleedRate>
    <alive>false</alive>
    <tags>
      <li>ManipulationLimbSegment</li>
    </tags>
  </BodyPartDef>


  <BodyPartDef>
    <defName>bombrighthand</defName>
    <label>Right Hand</label>
    <hitPoints>10</hitPoints>
    <frostbiteVulnerability>10</frostbiteVulnerability>
    <permanentInjuryChanceFactor>0</permanentInjuryChanceFactor>
    <skinCovered>false</skinCovered>
    <solid>true</solid>
    <bleedRate>0</bleedRate>
    <alive>false</alive>
    <tags>
      <li>ManipulationLimbDigit</li>
    </tags>
  </BodyPartDef>

   <BodyPartDef>
    <defName>Bombleftarm</defName>
    <label>Left Arm</label>
    <hitPoints>50</hitPoints>
    <permanentInjuryChanceFactor>0</permanentInjuryChanceFactor>
    <skinCovered>false</skinCovered>
    <solid>true</solid>
    <bleedRate>0</bleedRate>
    <alive>false</alive>
    <tags>
      <li>ManipulationLimbSegment</li>
    </tags>
  </BodyPartDef>


  <BodyPartDef>
    <defName>bomblefthand</defName>
    <label>Left Hand</label>
    <hitPoints>10</hitPoints>
    <frostbiteVulnerability>10</frostbiteVulnerability>
    <permanentInjuryChanceFactor>0</permanentInjuryChanceFactor>
    <skinCovered>false</skinCovered>
    <solid>true</solid>
    <bleedRate>0</bleedRate>
    <alive>false</alive>
    <tags>
      <li>ManipulationLimbDigit</li>
    </tags>
  </BodyPartDef>
  
  <BodyPartDef>
    <defName>BombGravCore</defName>
    <label>Bomb Gravity Core</label>
    <hitPoints>100</hitPoints>
    <permanentInjuryChanceFactor>0</permanentInjuryChanceFactor>
    <skinCovered>false</skinCovered>
    <solid>true</solid>
    <bleedRate>0</bleedRate>
    <alive>false</alive>
    <tags>
      <li>MovingLimbCore</li>
    </tags>
  </BodyPartDef>


  
</Defs>
